Entity	Code	Year	"GDP per capita, PPP (constant 2017 international $)"	Population (historical estimates)	"Homicide rate per 100,000 population - Both sexes - All ages"	Life expectancy - Sex: all - Age: at birth - Variant: estimates	Cantril ladder score
Denmark	DNK	2011	51293.207	5576016	0.8249618	79.8	7.85574
Finland	FIN	2020	47443.902	5529468	1.645728	81.9	7.8421
Finland	FIN	2019	48583.434	5521539	1.466983	81.9	7.8087
Finland	FIN	2018	48048.523	5515465	1.5592532	81.6	7.7689
Denmark	DNK	2019	56813.965	5795879	1.1387403	81.4	7.6456
Denmark	DNK	2021	57962.652	5854246	0.80283684	81.4	7.6362
Finland	FIN	2017	47570.133	5508146	1.2163817	81.5	7.6321
Denmark	DNK	2020	55518.598	5825638	0.9441021	81.5	7.6195
Denmark	DNK	2018	56178.773	5766689	1.005777	81	7.6001
Norway	NOR	2017	64050.758	5277396	0.530565	82.6	7.5937
Switzerland	CHE	2014	67824.086	8187792	0.50074553	83.1	7.587
Finland	FIN	2011	46825.824	5388173	2.041511	80.4	7.579009
Switzerland	CHE	2020	68670.24	8638609	0.5440688	83.1	7.5715
Iceland	ISL	2014	50450.742	327650	0.3052098	82.6	7.561
Switzerland	CHE	2019	70857.086	8575593	0.53640634	83.8	7.5599
Iceland	ISL	2021	53586.156	370338	0.5400516	82.7	7.5575
Denmark	DNK	2017	55356.68	5737286	1.2375193	81.1	7.5553
Iceland	ISL	2020	52174.574	366682	1.3636277	82.6	7.5539
Norway	NOR	2018	64341.258	5312321	0.47060418	82.8	7.5539
Norway	NOR	2016	63104.082	5236591	0.51560277	82.4	7.537
Denmark	DNK	2014	52048.336	5650654	1.3095833	80.6	7.527
Denmark	DNK	2015	52892.645	5677795	1.0919731	80.7	7.526
Norway	NOR	2011	61157.13	4953565	2.2408123	81.2	7.524001
Denmark	DNK	2016	54185.008	5706856	0.9812757	80.9	7.522
Norway	NOR	2014	62390.13	5137926	0.56443036	82.1	7.522
Netherlands	NLD	2011	52594.23	16701470	0.85621196	81.1	7.512336
Switzerland	CHE	2021	71032.84	8691409	0.48323596	84	7.5116
Switzerland	CHE	2015	68159.22	8281735	0.6882618	82.8	7.509
Iceland	ISL	2019	56923.17	360787	0.27718145	82.4	7.5045
Iceland	ISL	2016	54665.766	335677	0.29790765	82	7.504
Iceland	ISL	2015	52142.934	331068	0.9061815	82.4	7.501
Canada	CAN	2011	45822.598	34323536	1.774293	81.5	7.499089
Switzerland	CHE	2011	66587.85	7910988	0.5814702	82.6	7.498953
Norway	NOR	2015	62987.516	5190357	0.462396	82.3	7.498
Iceland	ISL	2017	55638.492	343641	0.87302697	82.5	7.4952
Switzerland	CHE	2016	68813.64	8372902	0.53744835	83.4	7.494
Iceland	ISL	2018	56816.363	352951	0.8499884	82.8	7.4936
Norway	NOR	2019	64385.008	5348285	0.5235329	83	7.488
Netherlands	NLD	2018	56060.914	17286042	0.5785014	81.8	7.4876
Switzerland	CHE	2017	69103.57	8451688	0.5324381	83.4	7.4873
Switzerland	CHE	2018	70558.56	8514431	0.5872381	83.6	7.4802
Finland	FIN	2016	46206.79	5495217	1.3466251	81.3	7.469
Netherlands	NLD	2020	54275.004	17434562	0.61372364	81.6	7.464
Netherlands	NLD	2019	56784.04	17363260	0.62776226	82	7.4489
Netherlands	NLD	2017	55088.633	17207204	0.76712084	81.7	7.4413
Canada	CAN	2014	47564.61	35404616	1.4828578	81.9	7.427
Netherlands	NLD	2021	56617.35	17501696	0.65136546	81.7	7.4149
Finland	FIN	2015	45072.59	5479457	1.4964975	81.4	7.413
Finland	FIN	2014	44976.777	5461436	1.6112968	81	7.406
Canada	CAN	2015	47522.14	35732120	1.7099458	81.9	7.404
Luxembourg	LUX	2021	115683.49	639330	0.6256638	82.6	7.404
Norway	NOR	2020	63548	5379836	0.5762254	83.2	7.3925
Sweden	SWE	2021	53613.42	10467095	1.0795734	83	7.3843
Sweden	SWE	2011	48947.438	9467384	0.85556865	81.8	7.379463
Netherlands	NLD	2014	52186.996	16954080	0.725489	81.6	7.378
Netherlands	NLD	2016	53847.83	17124512	0.548921	81.5	7.377
New Zealand	NZL	2011	38137.492	4381274	0.89015305	80.9	7.372486
Norway	NOR	2021	65662.17	5403021	0.5367368	83.2	7.3651
Sweden	SWE	2014	49258.996	9747507	0.89253575	82.2	7.364
Israel	ISR	2021	42061.242	8900057	1.9438074	82.3	7.3638
Sweden	SWE	2020	51331.28	10368968	1.1958759	82.4	7.3627
Sweden	SWE	2019	52850.57	10267922	1.0810367	83.1	7.3535
Australia	AUS	2011	45405.367	22357032	1.1092706	82.1	7.344625
Sweden	SWE	2018	52349.293	10162300	1.0627518	82.5	7.3433
Netherlands	NLD	2015	52974.117	17041110	0.610289	81.5	7.339
New Zealand	NZL	2015	41020.312	4590591	1.0456172	82	7.334
Canada	CAN	2017	48317.176	36554344	1.8192091	82	7.3285
Luxembourg	LUX	2020	111751.31	630401	0.4758887	81.4	7.3244
New Zealand	NZL	2017	42218.54	4746253	0.7374241	82.2	7.3238
Canada	CAN	2016	47457.586	36113532	1.7057317	82	7.316
Sweden	SWE	2017	51947.953	10058191	1.1234626	82.4	7.3145
New Zealand	NZL	2016	41620.348	4668088	1.0711039	82.1	7.314
Australia	AUS	2015	47567.68	23820240	0.99075425	82.7	7.313
New Zealand	NZL	2018	42862.07	4838528	1.5500588	82.4	7.3075
New Zealand	NZL	2019	43110.37	4959033	2.601313	82.6	7.2996
Austria	AUT	2019	55806.438	8879939	0.867123	81.9	7.2942
Sweden	SWE	2015	50928.965	9849344	1.1371311	82.2	7.291
New Zealand	NZL	2014	40353.105	4514198	0.95255077	81.8	7.286
Ireland	IRL	2011	53712.285	4544504	0.92419386	80.6	7.284488
Australia	AUS	2016	48109.203	24195706	0.9381832	82.9	7.284
Australia	AUS	2014	47240.273	23469578	1.0353829	82.6	7.284
Sweden	SWE	2016	51334.434	9953322	1.0649716	82.3	7.284
Canada	CAN	2018	48962.48	37035260	1.7874861	82.1	7.2781
Israel	ISR	2014	37144.48	7863849	1.3733737	82.2	7.278
Australia	AUS	2017	48400.246	24590336	0.84586084	83	7.2721
United States	USA	2011	54960.906	313876608	4.6709437	78.8	7.270243
Austria	AUT	2020	51988.414	8907780	0.72969943	81.5	7.2678
Israel	ISR	2015	37321.016	8007777	1.3736645	82.1	7.267
Costa Rica	CRI	2011	17186.45	4679927	10.128365	79.3	7.251115
Austria	AUT	2018	55217.285	8840518	0.9727943	81.7	7.246
Luxembourg	LUX	2019	114542.5	619981	0.6451894	82.1	7.2375
Canada	CAN	2019	49171.51	37522584	1.8362274	82.4	7.2321
Australia	AUS	2018	49052.816	24979228	0.88473505	83.4	7.228
Austria	AUT	2011	53179.15	8391201	0.91762805	80.8	7.227316
Costa Rica	CRI	2014	18480.652	4844293	9.846647	78.8	7.226
Australia	AUS	2019	49379.094	25357168	0.887323	83.1	7.2228
Israel	ISR	2016	38251.297	8159015	1.2746646	82.5	7.213
Austria	AUT	2014	52932.9	8546066	0.4914542	81.4	7.2
Israel	ISR	2011	35301.82	7459750	1.9705757	81.7	7.198713
Israel	ISR	2017	39121.297	8309256	1.4802767	82.7	7.19
Mexico	MEX	2014	19141.92	118755888	16.849691	74.8	7.187
Australia	AUS	2020	48747.85	25670052	0.86092544	84.3	7.1835
Costa Rica	CRI	2018	20503.277	5040738	11.605453	79.5	7.1674
United Kingdom	GBR	2019	47362.266	66778660	1.150068	81.7	7.1645
Austria	AUT	2021	54121.145	8922086	0.7285295	81.6	7.163
Australia	AUS	2021	49774.34	25921094	0.74456745	84.5	7.1621
Israel	ISR	2020	39351.895	8757487	1.4273497	82.4	7.1571
Germany	DEU	2020	51840.33	83328992	0.93844897	81.1	7.1545
Austria	AUT	2017	54172.99	8797497	0.79568094	81.6	7.1394
Israel	ISR	2018	39936.77	8456487	1.3717287	82.8	7.1387
Israel	ISR	2019	40810.055	8607922	1.5334716	82.8	7.1286
Costa Rica	CRI	2019	20818.062	5084527	11.0728	79.4	7.1214
Austria	AUT	2015	52873.86	8642422	0.5091166	81.2	7.119
United States	USA	2014	57308.32	322033952	4.398294	79	7.119
United States	USA	2015	58427.55	324607776	4.892982	78.9	7.104
Canada	CAN	2020	46064.254	37888704	2.0032356	82	7.1033
Ireland	IRL	2019	86681.27	4896021	0.6535922	82.3	7.0937
Luxembourg	LUX	2018	114164.47	607920	0.49349168	81.8	7.0903
Costa Rica	CRI	2015	18956.191	4895241	11.378396	79.1	7.087
Ireland	IRL	2020	91099.75	4946123	0.6671898	82.5	7.0853
Costa Rica	CRI	2016	19553.6	4945205	11.688089	79.5	7.079
Germany	DEU	2019	53874.316	83148144	0.7492651	81.6	7.0758
Costa Rica	CRI	2017	20168.22	4993849	12.074873	79.4	7.0717
Costa Rica	CRI	2020	19824.348	5123107	11.126065	79.3	7.0694
United Kingdom	GBR	2020	41984.105	67059472	1.0035868	80.4	7.0636
United Kingdom	GBR	2018	46878.137	66432996	1.1364834	81.1	7.0537
Luxembourg	LUX	2011	112998.39	518207	0.7718938	80.8	7.050853
Ireland	IRL	2021	102496.22	4986525	0.4411889	82	7.0408
Puerto Rico	PRI	2015	34311.04	3497335	17.556225	79.7	7.039
Germany	DEU	2021	53179.656	83408560	0.83324784	80.6	7.0341
Canada	CAN	2021	47892.945	38155012	2.0652595	82.7	7.0251
Ireland	IRL	2018	83340.39	4834506	0.80670065	82.1	7.0211
Austria	AUT	2016	53345.742	8736491	0.6180974	81.6	7.006
Germany	DEU	2015	51159.297	82073232	0.8309653	80.6	6.994
United States	USA	2016	58972.902	327210208	5.3216558	78.8	6.993
Germany	DEU	2018	53431.395	82896696	0.9505807	81.2	6.985
Brazil	BRA	2014	15695.644	203459648	29.358646	74.3	6.983
United Arab Emirates	ARE	2011	57815.17	8575210	0.59473795	78.5	6.977243
Ireland	IRL	2017	77749.2	4771860	0.8172925	81.9	6.9771
Ireland	IRL	2016	72106.8	4715791	0.72098243	81.5	6.977
United States	USA	2021	63669.71	336997632	6.8074665	77.2	6.9768
Czechia	CZE	2020	38639.98	10530951	0.73117787	78.6	6.9647
Germany	DEU	2017	53071.457	82624368	0.9839711	80.9	6.9647
Brazil	BRA	2015	15011.577	205188208	28.356405	74.3	6.952
United States	USA	2020	60167.855	335942016	6.420751	77.4	6.9515
Germany	DEU	2016	51879.67	82331432	1.1696628	80.8	6.951
Luxembourg	LUX	2014	113313.58	556075	0.71933454	81.7	6.946
United States	USA	2019	62478.254	334319680	4.9859467	79.1	6.9396
United Kingdom	GBR	2011	42389.145	63286360	1.0128565	80.8	6.936396
Venezuela	VEN	2011		29096158	48.453133	72.9	6.922258
Czechia	CZE	2021	40740.992	10510748	0.44716123	77.7	6.9198
Czechia	CZE	2019	40989.727	10536876	0.9205769	79.2	6.9109
Luxembourg	LUX	2017	114985.84	596290	0.3354115	81.7	6.9099
Ireland	IRL	2015	71490.805	4665764	0.6644148	81.4	6.907
United Arab Emirates	ARE	2014	64334.09	8835957	0.69036144	79	6.901
United States	USA	2018	61355.65	332140032	4.929848	79	6.8923
Iceland	ISL	2011	48186.168	319308	0.93957585	82.2	6.888284
United States	USA	2017	59914.777	329791232	5.2439237	78.8	6.886
Luxembourg	LUX	2015	113182.73	569415	0.87810576	81.8	6.871
United Kingdom	GBR	2014	44247.03	64773504	0.90932244	81.2	6.867
Luxembourg	LUX	2016	116283.7	583355	0.8571169	82.1	6.863
Panama	PAN	2011	23461.873	3688679	14.883397	76.6	6.862561
Oman	OMN	2014	35032.258	4009272	0.29930654	77.4	6.853
United Kingdom	GBR	2017	46372.387	66064808	1.2245553	81.2	6.8143
Venezuela	VEN	2014		30193260	63.027313	72.9	6.81
Belgium	BEL	2021	51739.54	11611416	1.0765264	81.9	6.805
Singapore	SGP	2014	87616.64	5570505	0.25132388	82.7	6.798
United Arab Emirates	ARE	2019	71782.16	9211660	0.6947718	79.7	6.7908
Panama	PAN	2014	27440.566	3888795	15.531814	77.2	6.786
Mexico	MEX	2015	19542.89	120149896	17.28008	74.7	6.778
Malta	MLT	2019	45433.918	503646	0.9927835	83.2	6.7728
Spain	ESP	2011	36863.492	46729232	0.8238954	82.2	6.761248
Germany	DEU	2014	50845.527	81858824	0.87467664	80.9	6.75
France	FRA	2011	42862.414	62775272	1.3635943	81.8	6.746459
Mexico	MEX	2011	18432.37	114150480	23.839584	74.4	6.740288
Singapore	SGP	2015	89160.73	5650020	0.24778682	82.8	6.739
Malta	MLT	2018	44615.605	491590	1.6273856	83.3	6.7256
United Kingdom	GBR	2015	44948.336	65224368	0.99962646	80.9	6.725
United Kingdom	GBR	2016	45574.848	65655204	1.2017326	81.1	6.714
Czechia	CZE	2017	38824.887	10531315	0.62670296	79	6.7109
Chile	CHL	2015	24464.746	17870122	2.3446956	79.7	6.705
Panama	PAN	2015	28512.926	3957102	11.90266	77.5	6.701
Brazil	BRA	2011	15271.47	198185296	26.355639	73.3	6.697499
France	FRA	2020	42233.14	64480052	1.0732001	82.2	6.6899
France	FRA	2021	44993.125	64531448	1.13743	82.5	6.6867
Chile	CHL	2014	24197.184	17687108	2.4763799	79.5	6.67
France	FRA	2019	45922.793	64399760	1.1692591	82.7	6.6638
Chile	CHL	2016	24599.375	18083880	3.428468	80.1	6.652
Argentina	ARG	2015	23933.887	43257064	6.558466	76.8	6.65
Bahrain	BHR	2021	49387.418	1463266	0.068340294	78.8	6.6469
Bahrain	BHR	2020	47847.84	1477478	0	79.2	6.6469
Brazil	BRA	2016	14402.494	206859584	29.589155	74.4	6.635
Slovenia	SVN	2021	40036.484	2119408	0.4246466	80.7	6.6301
Malta	MLT	2017	43516.55	479507	1.6684151	83.6	6.6266
Qatar	QAT	2014	106141.33	2214471	0.4064188	79.8	6.611
Czechia	CZE	2016	37014.96	10527584	0.6174252	79	6.609
Malta	MLT	2020	40740.97	515364	1.3582791	83.4	6.602
Argentina	ARG	2016	23189.527	43668236	6.011234	76.3	6.599
Czechia	CZE	2015	36168.418	10523801	0.83620006	78.6	6.596
Mexico	MEX	2018	20278.217	124013864	29.581371	74	6.5945
Puerto Rico	PRI	2011	33224.574	3691615	31.93725	78.3	6.592634
France	FRA	2018	45245.96	64277812	1.0827998	82.6	6.5921
Costa Rica	CRI	2021	21199.281	5153959	11.40871	77	6.582
Italy	ITA	2011	42892.305	60025952	0.9196023	82.2	6.578179
Mexico	MEX	2016	19830.963	121519224	20.209972	74.4	6.578
United Arab Emirates	ARE	2021	69733.8	9365149	0.46982723	78.7	6.576
France	FRA	2014	43021.395	63588496	1.2455084	82.5	6.575
Kuwait	KWT	2011	61356.938	3143827	1.876695	78.5	6.574075
Argentina	ARG	2014	23550.1	42824064	7.53782	76.8	6.574
United Arab Emirates	ARE	2015	68076.63	8916909	0.67287964	79.2	6.573
Germany	DEU	2011	49757.926	81423384	0.9063736	80.4	6.572111
Singapore	SGP	2016	91146.09	5711936	0.31512976	83	6.572
Qatar	QAT	2011	111879.75	1804175	0.22170842	78.9	6.569056
Turkmenistan	TKM	2011	9379.144	5360813	1.8653892	68.6	6.567713
United Arab Emirates	ARE	2020	67668.29	9287286	0.6998813	78.9	6.5605
Singapore	SGP	2011	81258.086	5281351	0.30295318	82	6.549302
Uruguay	URY	2015	22486.428	3402820	8.610512	77.5	6.545
Malta	MLT	2016	40319.73	467717	1.06905	83.1	6.527
Czechia	CZE	2014	34386.703	10517178	0.7701683	78.8	6.505
Spain	ESP	2020	35967.89	47363808	0.6291724	82.3	6.4907
France	FRA	2017	44577.066	64144092	1.106883	82.5	6.4893
Mexico	MEX	2017	20032.408	122839256	26.114616	74.1	6.4882
Malta	MLT	2015	39903.938	456585	0.8760815	83	6.488
Uruguay	URY	2014	22477.06	3391660	7.901732	77.4	6.485
Italy	ITA	2020	39065.28	59500576	0.47898695	82.4	6.4831
Colombia	COL	2015	14215.688	47119728	27.128765	76.3	6.481
Singapore	SGP	2021	106032.23	5941063	0.10099207	82.8	6.4802
France	FRA	2015	43345.785	63809768	1.5859641	82.2	6.478
Colombia	COL	2014	13938.231	46677944	28.585234	76	6.477
Romania	ROU	2021	30776.93	19328558	1.2623806	74.2	6.477
Spain	ESP	2021	37913.074	47486932	0.6106943	83	6.4763
Chile	CHL	2017	24546.912	18368582	4.240938	80.4	6.4762
Uruguay	URY	2021	22800.69	3426265	8.901836	75.4	6.4736
Italy	ITA	2021	41929.43	59240336	0.51147586	82.9	6.4667
Mexico	MEX	2019	20064.5	125085312	29.308798	74.2	6.465
Slovenia	SVN	2020	37098.12	2117648	0.51944596	80.4	6.4607
Kosovo	OWID_KOS	2021	11884.18	1662022	1.9855483	76.8	6.4551
Uruguay	URY	2016	22793.07	3413768	7.8212743	77.6	6.454
Panama	PAN	2016	29410.635	4026338	10.058772	77.7	6.452
Belize	BLZ	2011	8776.863	329546	37.628494	72.7	6.450644
Malta	MLT	2021	44658.72	526751	0.3796882	83.8	6.4469
Lithuania	LTU	2021	39305.613	2786652	2.5837471	73.7	6.4456
Chile	CHL	2018	25071.99	18701452	4.4114227	80.1	6.444
France	FRA	2016	43705.15	63989320	1.2173907	82.4	6.442
Uruguay	URY	2019	23256.598	3428412	11.492213	77.5	6.4401
Guatemala	GTM	2018	8469.115	16850176	28.895842	72.7	6.4362
Guatemala	GTM	2020	8390.223	17362716	18.960165	71.8	6.4345
Uruguay	URY	2020	21828.64	3429087	9.856853	78.4	6.4314
Panama	PAN	2017	30526.379	4096071	9.228374	77.8	6.43
Brazil	BRA	2017	14477.861	208504960	30.593037	74.8	6.4189
Cyprus	CYP	2011	37593.93	1145090	0.7859672	80	6.416459
Saudi Arabia	SAU	2019	44954.992	35827364	0.7954814	77.3	6.4065
Spain	ESP	2016	38476.79	46473320	0.6326211	83	6.403
Spain	ESP	2019	40760.31	47131372	0.7022923	83.5	6.4009
Guatemala	GTM	2019	8671.703	17106338	25.645466	73.1	6.3989
Slovakia	SVK	2021	31866.025	5447621	1.0096148	74.9	6.3907
Argentina	ARG	2017	23597.117	44054616	5.259381	76.8	6.388
Italy	ITA	2019	42739.05	59727936	0.53073996	83.6	6.3874
Guatemala	GTM	2017	8322.217	16578718	32.78298	72.6	6.3819
Uruguay	URY	2017	23106.998	3422205	8.269533	77.6	6.3788
Singapore	SGP	2019	98283.31	5866408	0.20455457	83.8	6.3771
Singapore	SGP	2020	94505.63	5909874	0.16920847	82.9	6.3765
Brazil	BRA	2019	14685.128	211782880	20.810465	75.3	6.3756
Qatar	QAT	2016	97783.12	2595175	0.46239817	80.4	6.375
Qatar	QAT	2015	101971.99	2414580	0.2484912	80.1	6.375
Saudi Arabia	SAU	2018	45840.84	35018132	0.6396686	77.2	6.3747
Qatar	QAT	2018	91461.62	2766743	0.36143726	80.9	6.3745
Qatar	QAT	2017	92177.59	2711764	0.44251794	80.7	6.3745
Kosovo	OWID_KOS	2020	10706.514	1670702	2.2146425	76.6	6.372
Slovenia	SVN	2019	39034.234	2112905	0.662596	81.6	6.3634
Spain	ESP	2015	37373.95	46431344	0.65042275	82.6	6.361
Czechia	CZE	2011	34002.19	10496379	0.8193302	77.8	6.35963
Colombia	COL	2016	14358.168	47625960	26.040422	76.5	6.357
Algeria	DZA	2015	11751.634	39543148	1.38077	75.6	6.355
Spain	ESP	2018	40255.254	46792044	0.61762637	83.1	6.3541
El Salvador	SLV	2019	9021.426	6280222	38.183395	72.6	6.3483
Singapore	SGP	2017	95310.336	5764489	0.19082357	83.2	6.3432
Estonia	EST	2021	38717.695	1328704	1.9567984	77.1	6.3408
Slovakia	SVK	2020	30867.973	5456681	1.154548	77	6.3309
Brazil	BRA	2020	14021.958	213196304	22.384066	74	6.3301
Spain	ESP	2014	35964.46	46464548	0.6951536	82.9	6.329
Kosovo	OWID_KOS	2019	11318.462	1686856	1.4227626	79	6.3252
Malaysia	MYS	2017	25935.143	31975812	1.1852711	75.5	6.3221
Panama	PAN	2018	31125.625	4165258	9.627263	77.9	6.3213
Mexico	MEX	2020	18327.99	125998296	29.185314	70.1	6.3168
Spain	ESP	2017	39528.926	46584168	0.65902215	83	6.3099
Jamaica	JAM	2020	9198.148	2820438	47.262203	71.9	6.3092
Panama	PAN	2021	29037.945	4351264	12.639997	76.2	6.3091
Panama	PAN	2019	31543.605	4232538	11.34073	77.8	6.3048
Malta	MLT	2014	37285.24	446449	1.3439626	82.7	6.302
Brazil	BRA	2018	14619.591	210166592	26.636013	75.1	6.2998
Uruguay	URY	2018	23184.625	3427044	12.284647	77.6	6.2933
Slovakia	SVK	2019	31973.46	5453932	1.3934921	77.7	6.2806
Guatemala	GTM	2011	7503.675	14833458	38.298565	71.2	6.276682
Suriname	SUR	2015	18768.795	575478	5.9081626	70.8	6.269
Suriname	SUR	2014	19629.223	569687	5.617169	69.8	6.269
Trinidad and Tobago	TTO	2011	27062.385	1420021	24.788383	73.3	6.262625
Guatemala	GTM	2021	8926.7	17608484	19.990364	69.2	6.2622
Singapore	SGP	2018	98336.95	5814543	0.15478449	83.5	6.262
Colombia	COL	2017	14334.915	48351668	25.434488	76.6	6.2601
Uzbekistan	UZB	2019	7348.147	32976946	1.2008388	71.3	6.2576
Lithuania	LTU	2020	37166.41	2820269	3.5812218	75.1	6.2554
El Salvador	SLV	2018	8812.201	6276340	53.311302	72.6	6.2531
Argentina	ARG	2011	24647.629	41520736	6.0475802	76.1	6.242357
Chile	CHL	2019	24816.611	19039484	3.9444344	80.3	6.2285
Bahrain	BHR	2019	49768.977	1494195	0.26770383	80	6.2273
Cyprus	CYP	2020	39471.582	1237540	1.212085	81.4	6.2235
Italy	ITA	2018	42045.92	59877432	0.5995582	83.2	6.2234
Cyprus	CYP	2021	41701.703	1244193	1.2859793	81.2	6.2209
Bahrain	BHR	2015	48453.727	1362157	0.22024135	79.4	6.218
Lithuania	LTU	2019	37184.453	2849083	3.299307	76.2	6.2155
Jamaica	JAM	2011	9823.773	2746169	41.25747	73.1	6.207882
Colombia	COL	2011	12578.016	45308896	35.59345	75.3	6.202322
Bahrain	BHR	2018	48937.66	1487346	0.33617073	79.9	6.1994
Slovakia	SVK	2018	31229.863	5446746	1.2300924	77.3	6.1976
Trinidad and Tobago	TTO	2019	25306.617	1519960	35.461575	74.2	6.1919
Trinidad and Tobago	TTO	2018	25534.84	1504707	34.358803	73.8	6.1919
Trinidad and Tobago	TTO	2017	26213.924	1478616	33.477455	74.2	6.1919
Estonia	EST	2020	35883.266	1329449	3.1592155	78.3	6.1888
Poland	POL	2019	33159.75	38493600	0.6572521	77.9	6.1863
Poland	POL	2018	31739.258	38521464	0.70869595	77.6	6.1817
Latvia	LVA	2021	32081.455	1873926	3.0417538	73.6	6.1804
Panama	PAN	2020	25510.273	4294391	11.64308	76.7	6.1796
Uzbekistan	UZB	2020	7344.22	33526662	1.3392328	70.3	6.1788
Serbia	SRB	2021	19831.297	7296771	1.0552616	74.2	6.178
Uzbekistan	UZB	2018	7082.9253	32449578	1.4607278	71.1	6.1741
Slovakia	SVK	2017	30061.55	5439418	1.470746	77.2	6.1734
Chile	CHL	2020	23017.69	19300318	4.797849	79.4	6.1719
Chile	CHL	2021	25449.13	19493184	3.6320386	78.9	6.1718
Trinidad and Tobago	TTO	2016	27682.445	1469334	31.510971	74.3	6.168
Trinidad and Tobago	TTO	2015	29876.98	1460180	28.763645	74.5	6.168
Trinidad and Tobago	TTO	2014	30301.936	1450663	27.918308	74.2	6.168
El Salvador	SLV	2017	8617.922	6266661	63.223526	72.3	6.1668
Poland	POL	2020	32546.826	38428368	0.692197	76.9	6.1661
Nicaragua	NIC	2021	5638.748	6850546	11.006432	73.8	6.1646
Colombia	COL	2019	14616.135	50187404	25.753473	76.8	6.1634
Cyprus	CYP	2019	41746.918	1228840	1.2206669	81.4	6.159
Kazakhstan	KAZ	2020	25361.508	18979250	3.192962	70	6.1518
Lithuania	LTU	2018	35446.707	2876128	3.1987455	75.7	6.149
Nicaragua	NIC	2017	5915.3755	6480534	6.650689	73.6	6.141
Romania	ROU	2020	29062.473	19442040	1.4453217	75.3	6.14
Nicaragua	NIC	2019	5348.9873	6663919	7.7281795	74.1	6.1371
Greece	GRC	2011	30318.404	11004730	1.6720091	80.5	6.132965
El Salvador	SLV	2014	8100.975	6209528	63.144913	71.7	6.13
Chile	CHL	2011	22323.723	17173568	3.7033644	79.1	6.12797
Mexico	MEX	2021	19086.105	126705136	28.175653	70.2	6.1276
Croatia	HRV	2021	31635.824	4060139	0.81278074	77.6	6.1252
Colombia	COL	2018	14426.435	49276968	26.231325	76.7	6.1248
Romania	ROU	2019	30006.336	19524212	1.2497303	76.5	6.1237
Guatemala	GTM	2014	7939.3745	15713744	33.429344	72	6.123
Poland	POL	2017	29958.121	38532816	0.74481976	77.7	6.123
Poland	POL	2021	34915.523	38307724	0.71265	76.5	6.1228
El Salvador	SLV	2021	9086.047	6314165	18.165499	70.7	6.12
Slovenia	SVN	2018	37995.715	2105931	0.42736584	81.4	6.1177
Kuwait	KWT	2020	43922.63	4360451	0.25226787	76.9	6.1061
Bahrain	BHR	2017	48929.445	1456844	0.411852	79.7	6.1051
Nicaragua	NIC	2018	5636.6396	6572234	10.376991	73.8	6.105
Kuwait	KWT	2019	47314.797	4441105	0.36027116	79.7	6.1021
Mauritius	MUS	2019	23681.58	1296284	2.082885	75.1	6.1013
Kosovo	OWID_KOS	2018	10755.168	1709966	2.5731566	78.7	6.1
Slovakia	SVK	2016	29248.885	5431205	1.1047275	77.2	6.098
Uzbekistan	UZB	2017	6840.71	31945680	1.8500153	71	6.0961
Bahrain	BHR	2016	48486.305	1409668	0.28375617	79.6	6.087
Argentina	ARG	2018	22747.242	44413592	5.367726	77	6.0863
Hungary	HUN	2021	33593.152	9709784	0.7724166	74.5	6.0859
Malaysia	MYS	2016	24859.799	31526414	1.446406	75.3	6.084
Venezuela	VEN	2015		30529722	51.274635	73	6.084
Kuwait	KWT	2017	50007.3	4124904	1.1151773	79.8	6.0834
Slovakia	SVK	2015	28728.156	5424449	0.8848832	76.6	6.078
Serbia	SRB	2020	18265.967	7358010	1.1416138	75.4	6.0779
Mauritius	MUS	2021	20967.947	1298922	2.6175704	73.6	6.0711
Nicaragua	NIC	2016	5734.355	6389237	7.0900507	73.3	6.071
Romania	ROU	2018	28741.227	19606778	1.275069	76.2	6.0697
El Salvador	SLV	2015	8266.723	6231072	106.8196	71.8	6.068
Uzbekistan	UZB	2021	7734.8325	34081452	1.4054567	70.9	6.0627
El Salvador	SLV	2020	8267.251	6292734	21.310303	71.1	6.0605
Japan	JPN	2011	38149.617	128007256	0.34529293	82.7	6.059098
Mauritius	MUS	2020	20224.223	1297830	2.6968145	74.3	6.049
Cyprus	CYP	2018	40099.836	1218834	1.2306874	81.4	6.0458
Japan	JPN	2021	40784.383	124612528	0.22870894	84.8	6.0389
Latvia	LVA	2020	30568.502	1897057	3.6899357	75.5	6.032
Ecuador	ECU	2018	11608.419	17015672	5.841674	77.1	6.0276
Honduras	HND	2021	5572.177	10278346	38.245457	70.1	6.0221
Estonia	EST	2019	36153.434	1327039	1.9592499	78.7	6.0218
Kuwait	KWT	2018	48943.008	4317190	0.85703987	79.7	6.0207
Portugal	PRT	2021	33674.527	10290109	0.7968822	81	6.0163
Colombia	COL	2020	13387.701	50930656	24.242764	74.8	6.0124
Ecuador	ECU	2016	11587.825	16439588	5.8334804	76.8	6.008
Philippines	PHL	2019	8731.861	110380800	4.315968	71.9	6.006
Malaysia	MYS	2015	24151.26	31068834	1.6028925	75.1	6.005
El Salvador	SLV	2016	8450.251	6250513	84.40911	72	6.003
Hungary	HUN	2019	32649.143	9771799	0.65494615	76.5	6.0004
Italy	ITA	2017	41581.12	60004024	0.6266246	82.7	6.0004
Slovakia	SVK	2014	27342.627	5419572	1.328519	76.8	5.995
Guyana	GUY	2011	10394.143	744235	17.467718	67	5.992826
Nicaragua	NIC	2015	5563.004	6298610	8.319312	73	5.992
Hungary	HUN	2020	31231.596	9750571	0.8204647	75.7	5.9916
Japan	JPN	2014	39739.543	127476728	0.30986047	83.7	5.987
Uzbekistan	UZB	2015	6401.115	30949416	1.6349257	70.5	5.987
South Korea	KOR	2014	37967.477	50558044	0.7456776	82.4	5.984
Italy	ITA	2015	40247.83	60232908	0.77864414	82.5	5.977
Ecuador	ECU	2015	11908.216	16195904	6.4831214	76.8	5.976
Ecuador	ECU	2014	12073.811	15957995	8.209052	76.6	5.975
Argentina	ARG	2019	22071.748	44745516	5.155823	77.3	5.9747
Ecuador	ECU	2017	11679.431	16696947	5.8094463	77	5.9732
Poland	POL	2016	28497.104	38532108	0.6747619	77.8	5.973
Uzbekistan	UZB	2016	6663.9497	31453576	2.4067216	70.8	5.971
Argentina	ARG	2021	21527.195	45276788	4.6226788	75.4	5.967
Italy	ITA	2016	40837.74	60118628	0.6720047	83	5.964
Russia	RUS	2016	25490.709	145109152	10.93246	72.7	5.963
Bahrain	BHR	2014	49117.99	1311142	0.6864284	79.3	5.96
Malta	MLT	2011	32930.297	423577	0.7082638	81.1	5.959978
Belize	BLZ	2016	9208.114	367327	37.57019	73.4	5.956
Belize	BLZ	2015	9387.914	359884	33.067406	73.2	5.956
El Salvador	SLV	2011	7665.948	6137354	71.21968	71.9	5.955841
Belize	BLZ	2017	8873.754	374702	37.89764	73.6	5.9556
Honduras	HND	2019	5613.6606	9958832	40.94859	72.9	5.9532
Lithuania	LTU	2017	33761.87	2904452	3.4429927	75.4	5.9519
Latvia	LVA	2019	31038.68	1916552	3.391501	75.5	5.95
Greece	GRC	2021	29548.04	10445368	0.85205257	80.1	5.9482
Italy	ITA	2014	39898.527	60322792	0.7874304	82.9	5.948
Slovenia	SVN	2017	36507.555	2098396	0.90545523	81.1	5.9476
Romania	ROU	2017	26948.158	19698852	1.2944916	76	5.9452
Japan	JPN	2020	39935.465	125244760	0.25390282	84.7	5.9405
Latvia	LVA	2018	30051.402	1935632	4.339671	75	5.9397
South Korea	KOR	2021	44232.207	51830136	0.52093244	83.7	5.9351
Latvia	LVA	2017	28673.562	1954861	4.143514	74.8	5.9331
Argentina	ARG	2020	19685.217	45036032	5.3668137	75.9	5.9293
Portugal	PRT	2020	32011.324	10298186	0.7865459	81.1	5.929
Ecuador	ECU	2019	11390.217	17343742	6.843968	77.3	5.9252
Slovenia	SVN	2011	33568.066	2065457	0.7746485	80	5.922324
Japan	JPN	2015	40402.582	127250936	0.28526312	83.9	5.921
Japan	JPN	2016	40727.97	126993856	0.28505316	84.1	5.92
Honduras	HND	2020	5028.145	10121762	35.695362	71.5	5.9192
Kazakhstan	KAZ	2015	24290.418	17835908	4.782487	70.7	5.919
Japan	JPN	2017	41444.215	126662464	0.24158695	84.2	5.915
Portugal	PRT	2019	34945.66	10289921	0.70943195	81.7	5.9109
Lithuania	LTU	2016	31925.803	2933676	5.2153044	74.9	5.902
Uruguay	URY	2011	20275.441	3361631	5.919734	77	5.898252
Moldova	MDA	2015	10355.539	3277390	5.7667875	69.2	5.897
South Korea	KOR	2018	41965.89	51676900	0.5979461	83.3	5.8947
Estonia	EST	2018	34979.867	1322146	2.1177669	78.1	5.8935
Mauritius	MUS	2017	22148.625	1294743	2.5487733	74.9	5.8915
Jamaica	JAM	2019	10244.366	2813776	47.62289	71.8	5.8898
Jamaica	JAM	2018	10160.764	2811842	45.84195	71.8	5.8898
Jamaica	JAM	2017	9984.577	2808388	58.646004	71.9	5.8898
Moldova	MDA	2014	10311.288	3338338	4.822761	69	5.889
Mauritius	MUS	2018	23023.5	1295386	2.8563013	74.9	5.8882
Japan	JPN	2018	41739.203	126255872	0.26454216	84.3	5.8861
Croatia	HRV	2020	26950.719	4096872	0.97635525	78	5.8817
Paraguay	PRY	2014	12616.414	6090727	9.489845	72.9	5.878
South Korea	KOR	2017	40957.418	51511640	0.58433396	83.3	5.8749
South Korea	KOR	2019	42758.59	51803832	0.5733167	83.7	5.8724
Algeria	DZA	2016	11888.323	40339328	1.343602	75.7	5.872
Japan	JPN	2019	41697.41	125791680	0.2535939	84.4	5.8708
Honduras	HND	2018	5561.2627	9792854	37.874573	72.8	5.8604
Russia	RUS	2015	25488.096	144668384	11.506314	72.1	5.856
Kazakhstan	KAZ	2014	24355.756	17592296	5.1386127	70.3	5.855
Latvia	LVA	2016	27509.336	1973477	3.496369	74.8	5.85
Jamaica	JAM	2021	9596.564	2827701	52.127274	70.5	5.8496
Slovenia	SVN	2014	33093.75	2074923	0.7711152	80.9	5.848
South Korea	KOR	2020	42396.76	51844688	0.59408206	83.6	5.8455
Peru	PER	2020	11176.919	33304768	5.7138987	73.7	5.8396
Moldova	MDA	2016	10938.585	3225125	6.201314	69.9	5.838
South Korea	KOR	2016	39814.66	51309984	0.6938221	82.9	5.838
Poland	POL	2015	27667.69	38553148	0.772959	77.4	5.835
South Korea	KOR	2015	38828.742	50994396	0.73537487	82.6	5.835
Lithuania	LTU	2014	29855.832	2994928	5.3089767	74.8	5.833
Nicaragua	NIC	2014	5385.4985	6208680	8.45591	72.8	5.828
Romania	ROU	2016	24763.135	19797820	1.5456247	75.2	5.825
Peru	PER	2014	11773.944	30353956	6.8393073	75.3	5.824
Malaysia	MYS	2011	20900.322	29184140	1.8160553	74.7	5.823207
Bolivia	BOL	2016	8034.173	11263016	5.7000723	67.6	5.823
Bolivia	BOL	2015	7825.7666	11090090	4.896265	67.3	5.822
Bosnia and Herzegovina	BIH	2020	14358.987	3318410	1.2958022	76.2	5.8131
Belarus	BLR	2014	19119.346	9693741	3.5074184	73.6	5.813
Lithuania	LTU	2015	30748.197	2963764	5.80343	74.6	5.813
Russia	RUS	2017	25926.443	145452544	9.139064	73.4	5.8097
Thailand	THA	2011	14199.279	68712848	4.812783	76.4	5.80368
Poland	POL	2011	24874.172	38620848	1.0926741	76.7	5.803043
Belarus	BLR	2015	18362.746	9700609	3.3606138	74	5.802
Peru	PER	2019	12735.168	32824864	7.2658343	76.2	5.7968
Poland	POL	2014	26488.201	38581880	0.74387264	77.6	5.791
Kazakhstan	KAZ	2017	24862.967	18314822	4.995956	71.4	5.7901
Colombia	COL	2021	14648.592	51516560	27.484365	72.8	5.7806
Bolivia	BOL	2018	8466.293	11606906	4.945332	67.7	5.7793
Serbia	SRB	2019	18310.08	7401056	1.1890196	76.7	5.7782
Malaysia	MYS	2014	23328.344	30606454	1.666315	75.1	5.77
Bosnia and Herzegovina	BIH	2021	15666.54	3270948	0.9783111	75.3	5.768
Slovenia	SVN	2015	33799.727	2080865	0.96114016	80.8	5.768
Moldova	MDA	2020	12201.778	3084848	3.0147362	70.2	5.7664
Ecuador	ECU	2020	10356.975	17588596	7.800509	72.2	5.764
Cyprus	CYP	2017	38421.97	1208527	0.5792194	81.3	5.7625
Mongolia	MNG	2021	11668.431	3347782	6.153327	71	5.7607
Croatia	HRV	2014	24118.531	4283968	0.8403416	78	5.759
Hungary	HUN	2018	31122.502	9776361	0.87967324	76.2	5.7583
Slovenia	SVN	2016	34853.043	2090020	0.47846434	81.2	5.758
Bolivia	BOL	2017	8244.934	11435535	6.5322704	67.7	5.7519
Bolivia	BOL	2019	8528.749	11777318	4.2199774	67.8	5.7475
Peru	PER	2015	12015.1875	30711864	7.316391	75.6	5.743
Paraguay	PRY	2018	13848.499	6443337	7.713405	73.6	5.7427
Estonia	EST	2017	33821.934	1317550	2.2010574	78	5.7392
Dominican Republic	DOM	2021	18626.078	11117873	10.541584	72.6	5.7372
Greece	GRC	2020	27103.541	10512232	0.7419928	80.9	5.7226
Russia	RUS	2014	26057.156	144285072	11.446784	71.6	5.716
Bolivia	BOL	2020	7679.933	11936169	3.4935853	64.5	5.7159
Peru	PER	2016	12321.318	31132776	7.8213387	75.8	5.715
Malaysia	MYS	2021	26333.156	33573872	0.72377706	74.9	5.7113
Jamaica	JAM	2014	9745.554	2784542	36.0921	73	5.709
Jordan	JOR	2011	11885.238	7109980	1.9831281	74.2	5.706185
Peru	PER	2018	12696.236	32203946	7.613974	76	5.6971
Pakistan	PAK	2019	5157.5464	223293280	3.6512518	66.8	5.6933
Portugal	PRT	2018	34040.727	10289833	0.78718466	81.4	5.6925
Paraguay	PRY	2019	13609.723	6530029	8.483886	73.6	5.6921
Dominican Republic	DOM	2019	18171.06	10881886	9.428515	73.6	5.6892
Cyprus	CYP	2014	33241.19	1176997	0.9345834	80.8	5.689
Paraguay	PRY	2017	13604.175	6355406	8.512441	73.6	5.6806
Mongolia	MNG	2020	11666.779	3294340	6.2228036	72.1	5.6772
Bosnia and Herzegovina	BIH	2019	14634.738	3360718	1.2497354	77.2	5.6741
Peru	PER	2017	12442.746	31605488	7.868887	75.9	5.6632
Kosovo	OWID_KOS	2017	10436.169	1731670	2.771898	78.8	5.6621
Turkmenistan	TKM	2015	12540.284	5766427	1.0925301	68.8	5.658
Slovakia	SVK	2011	26210.758	5402686	1.7768961	76	5.656836
Pakistan	PAK	2018	5113.434	219731488	3.7504869	66.5	5.653
Paraguay	PRY	2020	13317.321	6618700	7.2672935	73.2	5.6526
Mauritius	MUS	2015	20549.629	1293159	1.6239377	75	5.648
Russia	RUS	2018	26656.41	145652288	8.214083	73.5	5.6479
South Korea	KOR	2011	35388.977	49169880	0.8196075	81.2	5.643442
Moldova	MDA	2017	11651.187	3180515	4.4332566	70.5	5.6397
Philippines	PHL	2018	8365.732	108568832	5.204993	71.7	5.6314
Mauritius	MUS	2016	21328.688	1293909	1.6229864	75	5.629
Croatia	HRV	2011	24654.197	4351838	1.1259601	77.2	5.622628
Cyprus	CYP	2016	36678.098	1197889	1.0852493	81.1	5.621
Hungary	HUN	2017	29501.121	9788940	1.6344975	76	5.62
Estonia	EST	2016	32008.934	1315928	2.5077407	77.8	5.611
Moldova	MDA	2019	13030.183	3109496	3.8913121	70.9	5.6075
Algeria	DZA	2014	11561.26	38760168	1.4886416	75.1	5.605
Serbia	SRB	2018	17455.945	7433825	1.4124639	76.5	5.603
Bolivia	BOL	2021	8052.1772	12079474	3.4935303	63.6	5.6003
Kazakhstan	KAZ	2011	21970.084	16864920	8.419846	68.7	5.594488
Kosovo	OWID_KOS	2014	8796.63	1777812	3.0936956	78.9	5.589
Lithuania	LTU	2011	25968.584	3099800	6.806896	73.9	5.588069
Montenegro	MNE	2020	18262.236	629058	2.861469	76.3	5.5805
Paraguay	PRY	2021	13687.655	6703802	7.8313804	70.3	5.5783
Belarus	BLR	2016	17883.127	9708111	3.1623044	74.3	5.569
Bahrain	BHR	2011	46564.71	1212086	0.99003613	78.9	5.567952
Belarus	BLR	2011	18274.021	9706983	3.842595	71.5	5.566307
Honduras	HND	2011	4874.8735	8622510	82.38905	71.4	5.564011
Latvia	LVA	2015	26628.355	1991951	3.3635306	74.7	5.56
Turkmenistan	TKM	2014	11989.653	5663159	1.571563	68.6	5.548
Montenegro	MNE	2021	20602.5	627856	2.3890734	76.3	5.5468
Montenegro	MNE	2019	21537.809	630403	3.6485002	77	5.5461
Cyprus	CYP	2015	34573.973	1187286	1.263392	81	5.546
Russia	RUS	2019	27254.574	145742288	7.68617	73.9	5.546
Dominican Republic	DOM	2020	16768.426	10999668	8.73663	72.9	5.5451
Belarus	BLR	2019	19279.209	9673971	2.3258288	74.2	5.5399
Paraguay	PRY	2015	12806.097	6177954	9.987132	73.2	5.538
Ecuador	ECU	2021	10668.758	17797736	14.024255	73.7	5.5333
Moldova	MDA	2018	12367.764	3141839	5.283533	70.5	5.5285
Romania	ROU	2015	23937.46	19906078	1.7029973	74.8	5.528
Philippines	PHL	2017	8001.7563	106738496	7.746033	71.5	5.5241
Montenegro	MNE	2018	20690.285	631459	2.2171035	77.2	5.5229
Estonia	EST	2015	31038.805	1314658	3.4229474	77.7	5.517
Greece	GRC	2019	29721.586	10574026	0.7376567	81.2	5.515
Hong Kong	HKG	2019	59588.52	7496121	0.32016557	85.3	5.5104
Jamaica	JAM	2015	9800.507	2794455	43.264412	72.4	5.51
Croatia	HRV	2019	29352.79	4129749	0.79907954	78.7	5.5047
Honduras	HND	2017	5447.6987	9626845	40.13777	72.7	5.504
Turkey	TUR	2016	25996.967	81019400	3.3374724	76.7	5.5
Paraguay	PRY	2016	13163.74	6266623	10.675619	73.5	5.493
Croatia	HRV	2015	24931.486	4254821	0.86960304	77.6	5.488
Belarus	BLR	2017	18356.102	9707874	2.4722195	74.5	5.4833
Turkey	TUR	2017	27582.832	82089824	3.0953896	77.1	5.4825
Russia	RUS	2020	26583.797	145617328	7.3459663	71.3	5.4772
Mauritius	MUS	2011	17988.684	1286239	2.4878802	74.2	5.477073
Mauritius	MUS	2014	19844.488	1292112	1.4704591	74.9	5.477
Hong Kong	HKG	2020	55888.688	7500955	0.2932959	85.2	5.4767
Hong Kong	HKG	2014	56358.043	7352180	0.36723787	84.1	5.474
Pakistan	PAK	2017	4891.7197	216379648	3.8058107	66.3	5.4725
Hong Kong	HKG	2016	58098.395	7435925	0.37655023	84.5	5.472
Tajikistan	TJK	2020	3651.9421	9543211	0.9116432	68	5.4662
Russia	RUS	2021	27960.102	145102752	6.7993197	69.4	5.4586
Hong Kong	HKG	2015	57214.69	7399845	0.2973038	84.3	5.458
Mongolia	MNG	2019	12458.019	3232435	6.341979	71.8	5.4562
Croatia	HRV	2018	28225.002	4160488	0.57685584	78.3	5.4318
Hong Kong	HKG	2018	61055.34	7481563	0.64157784	85.2	5.4304
Hong Kong	HKG	2017	59842.215	7461508	0.32165036	84.9	5.4304
Philippines	PHL	2016	7616.05	104875272	10.636445	71.4	5.43
Estonia	EST	2014	30494.096	1314531	3.118995	77.1	5.429
Dominican Republic	DOM	2018	17484.121	10765532	9.920551	73.2	5.4253
Vietnam	VNM	2011	6658.667	88349104	1.5370839	73.7	5.425293
Ecuador	ECU	2011	10988.722	15237734	15.376308	75.7	5.424841
Hong Kong	HKG	2021	59978.15	7494580	0.30688852	85.5	5.4248
Hong Kong	HKG	2011	53471.797	7175370	0.23692176	83.2	5.423889
Kosovo	OWID_KOS	2011	8040.5938	1799340	3.4457116	77.7	5.420175
Cuba	CUB	2011		11298713	4.726203	77.8	5.417868
Portugal	PRT	2017	33044.715	10307528	0.7373251	81.5	5.4104
Kosovo	OWID_KOS	2015	9445.105	1759122	2.3875546	78.9	5.401
Armenia	ARM	2021	14193.117	2790971	2.1856172	72	5.3986
Paraguay	PRY	2011	11613.169	5843938	11.242418	72.1	5.398257
Serbia	SRB	2017	16614.014	7464882	1.1520613	76.2	5.3982
Serbia	SRB	2016	16185.742	7493288	1.5480521	76.3	5.395
Turkey	TUR	2015	25594.66	79646176	2.806161	76.6	5.389
Bosnia and Herzegovina	BIH	2018	14066.845	3400132	1.1470153	77.1	5.3865
Malaysia	MYS	2020	25830.973	33199988	0.76204836	75.9	5.3843
Malaysia	MYS	2019	27674.402	32804024	0.94500613	75.8	5.3843
Turkey	TUR	2018	28157.979	82809304	2.60961	77.6	5.3726
Bulgaria	BGR	2021	24398.13	6885864	1.2779799	71.8	5.3709
Algeria	DZA	2011	11113.969	36543548	0.76620924	74.1	5.367827
Greece	GRC	2017	28604.861	10692230	0.8043225	80.9	5.3579
Montenegro	MNE	2017	19685.809	632445	2.371774	76.9	5.3475
China	CHN	2020	16296.779	1424929792	0.50227034	78.1	5.3391
Malaysia	MYS	2018	26835.81	32399270	0.996936	75.6	5.3388
Jordan	JOR	2016	9633.101	9964659	1.3146466	75.2	5.336
Estonia	EST	2011	27990.137	1327435	4.8966837	76.5	5.329978
Portugal	PRT	2011	31304.816	10564820	1.0790523	80.5	5.327314
Hungary	HUN	2016	28217.354	9815106	2.0580525	76.2	5.324
Belarus	BLR	2018	18974.7	9695573	2.3309605	74.6	5.3225
Myanmar	MMR	2011	3018.4617	49794528	2.118707	63.9	5.321977
Croatia	HRV	2017	27211.824	4192468	1.0972061	78.1	5.3212
Jamaica	JAM	2016	9906.04	2802699	48.310635	72	5.311
Moldova	MDA	2011	9050.126	3595135	6.0081334	69.2	5.3054
Jordan	JOR	2015	9912.713	9494250	1.5904369	75	5.303
Dominican Republic	DOM	2017	16524.533	10647247	11.420795	73.1	5.3018
Algeria	DZA	2017	11809.483	41136548	1.2738065	75.7	5.2946
Croatia	HRV	2016	25999.834	4223748	1.041728	78.2	5.293
Azerbaijan	AZE	2015	14852.611	9863485	2.1392045	71.5	5.291
Greece	GRC	2018	29141.174	10633275	0.93104	81.4	5.2867
Mongolia	MNG	2018	12052.294	3163994	6.194708	71.2	5.2854
Russia	RUS	2011	24972.078	143364544	11.282427	70.4	5.284313
Armenia	ARM	2020	13357.697	2805610	1.8534304	72.2	5.2826
Kosovo	OWID_KOS	2016	10031.044	1750724	2.1705317	79	5.279
North Macedonia	MKD	2018	16148.459	2113497	1.1828771	77.3	5.2736
China	CHN	2016	13399.138	1401889664	0.615883	77.2	5.273
Pakistan	PAK	2016	4746.718	213524848	3.9882948	65.9	5.269
Bulgaria	BGR	2020	22483.598	6979181	0.9886556	73.6	5.2655
Peru	PER	2011	10539.982	29477722	5.4854984	74.1	5.25838
Morocco	MAR	2017	7921.619	35528116	2.1419656	73.7	5.2537
Venezuela	VEN	2016		30741464	56.623848	72.1	5.25
China	CHN	2017	14243.532	1410275968	0.5665558	77.2	5.2458
China	CHN	2015	12612.352	1393715456	0.66010606	77	5.245
Montenegro	MNE	2016	18801.268	633264	4.4215403	76.7	5.237
Morocco	MAR	2016	7632.1855	35107272	1.6919576	73.3	5.235
Azerbaijan	AZE	2016	14232.192	9976254	1.6940236	72	5.234
Turkey	TUR	2011	21716.266	74173856	4.126791	74.9	5.233999
Dominican Republic	DOM	2016	15967.202	10527589	15.35014	73	5.23
Greece	GRC	2016	28239.92	10749742	0.7814141	81.2	5.227
Lebanon	LBN	2016	17248.19	6258628	3.7548215	79.5	5.225
Azerbaijan	AZE	2014	14867.943	9741879	2.4225302	71.1	5.212
Algeria	DZA	2018	11725.878	41927008	1.3547354	76.1	5.2113
Morocco	MAR	2018	8072.0864	35927516	1.419525	74	5.2081
Azerbaijan	AZE	2018	14209.593	10152524	1.9404047	72.8	5.2077
Azerbaijan	AZE	2017	14121.407	10071569	1.8070674	72.2	5.2006
Lebanon	LBN	2017	17808.076	6109255	4.02668	79.7	5.1989
Albania	ALB	2021	14518.906	2854710	2.3119686	76.5	5.1988
Maldives	MDV	2019	20574.404	504518	0.59463876	80.1	5.1976
Lebanon	LBN	2018	17970.94	5950842	2.8903487	79.7	5.1973
Bhutan	BTN	2015	9877.247	743284	1.6144786	70.3	5.196
Portugal	PRT	2016	31847.537	10332751	0.63874555	81.2	5.195
Pakistan	PAK	2014	4403.673	208251632	6.37498	65.3	5.194
South Africa	ZAF	2021	13311.926	59392256	41.865726	62.3	5.1939
Jordan	JOR	2014	10605.35	8658030	1.9634961	74.8	5.192
Montenegro	MNE	2014	17677.787	634301	3.1531096	76.7	5.192
China	CHN	2018	15133.996	1417069440	0.53102547	77.7	5.1909
North Macedonia	MKD	2017	15709.287	2111982	1.467818	76.5	5.1848
Bosnia and Herzegovina	BIH	2016	12837.599	3480985	1.2927371	76.8	5.182
Honduras	HND	2016	5287.253	9460798	54.435158	72.6	5.181
Romania	ROU	2011	21446.771	20220286	1.0138334	74.4	5.178499
Serbia	SRB	2015	15581.014	7519501	1.3298764	75.8	5.177
North Macedonia	MKD	2016	15556.255	2110194	0.90039027	76	5.175
Azerbaijan	AZE	2021	14431.661	10312992	1.9102119	69.4	5.1734
Azerbaijan	AZE	2020	13726.77	10284952	2.236277	66.9	5.1708
Azerbaijan	AZE	2019	14442.041	10232761	1.6417869	73.1	5.1648
Bosnia and Herzegovina	BIH	2015	12292.545	3524328	1.6173314	76.2	5.163
Montenegro	MNE	2015	18266.879	633969	2.6815298	76.8	5.161
Jordan	JOR	2017	9629.103	10215384	1.3019582	75.5	5.1607
North Macedonia	MKD	2019	16776.076	2114175	1.1351941	77.3	5.1598
Morocco	MAR	2015	7687.691	34680456	1.2427748	72.9	5.151
Pakistan	PAK	2011	4082.4495	198602736	6.978756	64.6	5.1487
Ghana	GHA	2019	5345.9414	31522294	1.8114166	64.7	5.148
Montenegro	MNE	2011	17290.512	631801	3.3238997	76.1	5.146845
Hungary	HUN	2015	27528.307	9844250	2.2449663	75.7	5.145
Cameroon	CMR	2020	3665.5105	26491090	4.5373755	60.8	5.1418
China	CHN	2014	11851.404	1385189632	0.72791475	76.7	5.14
Nepal	NPL	2019	3922.0813	28832500	2.2856154	69.6	5.1372
Albania	ALB	2011	11054.788	2900660	4.8954477	78.1	5.133704
Pakistan	PAK	2015	4552.6055	210969296	4.496389	65.7	5.132
Turkey	TUR	2019	28150.059	83481688	2.4196925	77.8	5.1318
Bosnia and Herzegovina	BIH	2017	13402.434	3440025	1.2209207	76.9	5.1294
Lebanon	LBN	2015	16611.72	6398941	3.6099732	79.2	5.129
Zambia	ZMB	2014	3375.9412	15737796	5.242158	60.7	5.129
Mongolia	MNG	2017	11431.498	3096033	6.169192	70.2	5.1246
Romania	ROU	2014	23095.28	19995836	1.6253384	74.9	5.124
China	CHN	2019	15977.764	1421864064	0.5189666	78	5.1239
Portugal	PRT	2015	31118.791	10365436	0.9647448	81.2	5.123
Serbia	SRB	2014	15229.067	7543965	1.5641652	75.7	5.123
Algeria	DZA	2021	11039.806	44177964	1.5731823	76.4	5.1223
North Macedonia	MKD	2015	15141.992	2107965	1.1859796	76	5.121
Albania	ALB	2020	13256.125	2866850	2.127772	77	5.1174
Nicaragua	NIC	2011	4805.4023	5942554	12.418905	72.4	5.114866
Portugal	PRT	2014	30444.6	10408379	0.88390386	81.2	5.102
Bulgaria	BGR	2019	23270.225	7052536	1.1768823	75.1	5.1015
South Africa	ZAF	2011	13721.686	52443320	29.658684	60.7	5.10052
Latvia	LVA	2014	25423.488	2011040	3.1824346	74.4	5.098
Morocco	MAR	2019	8217.599	36304408	1.7270631	74.3	5.0948
Ghana	GHA	2020	5263.5264	32180402	1.7246522	64.1	5.0884
Ukraine	UKR	2021	12943.614	43531424	3.843201	71.6	5.0841
Bhutan	BTN	2018	11233.78	762104	1.1809528	71.1	5.0821
Bhutan	BTN	2017	10986.888	756130	1.7193004	70.8	5.0821
Nigeria	NGA	2016	5209.074	188666928	33.604195	52	5.074
Morocco	MAR	2021	8058.397	37076588	1.9311379	74	5.0599
Venezuela	VEN	2019		28971686	40.984848	72.2	5.0532
Lebanon	LBN	2011	19216.969	5045061	3.3299925	78.4	5.049216
Dominican Republic	DOM	2011	12905.289	9903743	25.37426	72.2	5.036006
Greece	GRC	2015	28260.387	10806644	0.86058193	80.7	5.033
Morocco	MAR	2014	7462.153	34248608	1.0365386	72.5	5.013
Bhutan	BTN	2016	10587.57	749764	1.2003818	70.6	5.011
Bulgaria	BGR	2018	22210.123	7117424	1.2926013	74.9	5.011
North Macedonia	MKD	2014	14599.242	2105293	1.662478	75.9	5.007
Algeria	DZA	2019	11627.28	42705372	1.2153039	76.5	5.0051
Ghana	GHA	2018	5125.2495	30870648	1.6196619	64.1	4.9963
Cameroon	CMR	2017	3691.0947	24393182	4.1159043	60.8	4.9753
India	IND	2011	4374.2324	1257621248	3.788104	67.4	4.974501
Nepal	NPL	2016	3244.6743	27861186	2.1463552	68.8	4.962
Albania	ALB	2014	11588.925	2884100	4.64616	78.4	4.959
South Africa	ZAF	2020	12815.909	58801928	33.964874	65.3	4.9564
Mongolia	MNG	2016	11058.95	3029559	6.0735	69.9	4.955
Bosnia and Herzegovina	BIH	2014	11768.1045	3571070	1.4001416	75.7	4.949
Turkey	TUR	2020	28473.205	84135432	2.5054843	75.8	4.9476
Hungary	HUN	2011	25005.287	9953247	1.4568114	74.9	4.942787
Pakistan	PAK	2020	5004.352	227196736	3.7368493	66.3	4.934
Bulgaria	BGR	2017	21473.805	7182430	1.4340553	74.8	4.9331
Venezuela	VEN	2021		28199862	19.305056	70.6	4.9255
Morocco	MAR	2020	7545.995	36688768	1.2483383	73.9	4.918
Nepal	NPL	2018	3719.3079	28506718	2.2100058	69	4.9127
Mongolia	MNG	2015	11134.802	2964756	7.21815	69.5	4.907
Jordan	JOR	2018	9584.507	10459864	0.8986731	75.8	4.9057
Venezuela	VEN	2020		28490458	29.4274	71.1	4.8922
Algeria	DZA	2020	10844.7705	43451668	1.5051206	74.5	4.8871
Namibia	NAM	2011	9431.044	2132343	14.444222	56.6	4.885587
Dominican Republic	DOM	2014	14334.733	10282116	17.603382	72.9	4.885
Albania	ALB	2019	13655.665	2873883	2.2617478	79.3	4.8827
Iraq	IRQ	2011	8493.082	32378066	8.1351385	67.7	4.881612
Nepal	NPL	2017	3495.5288	28183424	2.18923	68.9	4.8804
Ukraine	UKR	2020	12407.79	43909664	3.8670301	72.6	4.8748
Mongolia	MNG	2014	11107.989	2902826	7.337686	69	4.874
Ghana	GHA	2021	5435.238	32833036	1.8365651	63.8	4.872
Honduras	HND	2015	5180.1865	9294510	55.38756	72.5	4.871
Eswatini	SWZ	2014	7969.2075	1125872	10.48083	53	4.867
Bosnia and Herzegovina	BIH	2011	10934.089	3743143	1.362492	77	4.857435
Greece	GRC	2014	28129.96	10862972	0.9849978	81	4.857
Egypt	EGY	2011	9762.974	89200056	3.0302672	69.9	4.8534
Lebanon	LBN	2014	16863.637	6274345	3.825102	79	4.839
South Africa	ZAF	2016	13844.276	56422272	33.703003	64.7	4.829
Philippines	PHL	2011	5995.431	96337912	8.811692	70.8	4.825137
South Africa	ZAF	2019	13852.206	58087060	36.71214	66.2	4.8141
Bangladesh	BGD	2011	3571.0586	150211008	2.640286	68.8	4.807098
Venezuela	VEN	2017		30563430	47.982174	71.9	4.8056
Hungary	HUN	2014	26481.166	9867906	1.4795446	75.8	4.8
Zambia	ZMB	2015	3365.3792	16248231	5.2498026	61.2	4.795
Morocco	MAR	2011	6064.432	32903708	1.3402748	71.3	4.793151
Nepal	NPL	2015	3260.035	27610328	2.020983	67.5	4.793
Honduras	HND	2014	5079.7036	9127851	64.53877	72.3	4.788
Palestine	PSE	2016	6438.9336	4593855	0.41359663	74.6	4.775
Lebanon	LBN	2019	17172.197	5781912	3.1477506	79.2	4.7715
Palestine	PSE	2015	6048.9766	4484615	1.2041172	74.4	4.754
Turkey	TUR	2021	31466.56	84775408	2.5195987	76	4.7442
Palestine	PSE	2017	6401.7407	4700954	0.7232586	74.8	4.7433
Egypt	EGY	2016	10218.394	99784032	1.5353159	70.8	4.735
Nigeria	NGA	2019	5076.368	203304496	21.74079	52.9	4.7241
South Africa	ZAF	2017	13950.453	56641208	35.903187	65.4	4.724
South Africa	ZAF	2018	13990.314	57339632	36.66225	65.7	4.7222
Albania	ALB	2018	13319.495	2877019	2.294046	79.2	4.7186
Palestine	PSE	2014	5967.073	4380473	0.54788584	72.6	4.715
Bulgaria	BGR	2016	20744.523	7245982	1.0902605	74.8	4.714
Ghana	GHA	2011	4128.56	26205940	1.6141378	61.7	4.704951
Zambia	ZMB	2011	3146.8445	14265824	6.049427	57.8	4.704553
Palestine	PSE	2018	6318.21	4805549	0.4994229	74.8	4.6963
Cameroon	CMR	2016	3667.3228	23711626	3.3190465	60.2	4.695
Bangladesh	BGD	2014	4119.425	155961312	2.8943079	70	4.694
Mozambique	MOZ	2011	1092.7732	23760424	3.573169	54.9	4.692764
Iran	IRN	2014	14538.521	79961672	2.42116	74.8	4.686
Ukraine	UKR	2014	12385.813	45148072	6.301487	72.6	4.681
China	CHN	2011	9680.098	1357095424	0.8853467	75.9	4.679718
Armenia	ARM	2019	14317.553	2820604	2.5881004	75.4	4.6768
Georgia	GEO	2019	14989.258	3770814	2.0420012	73.5	4.6726
Ghana	GHA	2017	4929.568	30222266	2.015071	64	4.657
Albania	ALB	2015	11880.598	2882482	2.22031	78.6	4.655
Albania	ALB	2016	12294.077	2881064	2.7420435	78.9	4.644
Bangladesh	BGD	2015	4337.3857	157830000	2.556548	70.5	4.643
South Africa	ZAF	2014	13993.2705	54729556	32.5327	63.4	4.642
Namibia	NAM	2018	10266.171	2405682	19.7865	62.6	4.6392
Uganda	UGA	2020	2240.4902	44404608	10.044002	62.9	4.6365
Sierra Leone	SLE	2015	1513.562	7314779	1.6951996	57.2	4.635
Jordan	JOR	2019	9551.165	10698682	1.1403272	76	4.6334
Ghana	GHA	2014	4628.9014	28196356	1.9257805	63	4.633
Malawi	MWI	2011	1383.5809	15146095	2.2646103	57.5	4.623671
Tajikistan	TJK	2011	2481.572	7784820	1.6185347	68.1	4.613789
Bangladesh	BGD	2016	4589.0938	159784576	2.247401	71.1	4.608
Kenya	KEN	2020	4498.383	51985780	3.5759778	62.7	4.6066
Uganda	UGA	2021	2246.414	45853780	8.531467	62.7	4.6026
Tunisia	TUN	2020	10050.046	12161720	4.6210556	75.3	4.5965
Albania	ALB	2017	12773.269	2879361	2.01434	79	4.586
Lebanon	LBN	2020	13780.958	5662924	2.2603166	77.8	4.5838
Kenya	KEN	2019	4601.2114	50951452	3.0931406	62.9	4.583
Azerbaijan	AZE	2011	13913.837	9359018	2.2545109	70	4.581938
Namibia	NAM	2020	9048.184	2489099	12.173084	62.8	4.5741
Namibia	NAM	2019	10009.578	2446648	13.038265	63.1	4.5711
India	IND	2014	5071.047	1307246464	3.6225762	69.1	4.565
Serbia	SRB	2011	14926.494	7620925	1.6927093	74.8	4.564279
Mongolia	MNG	2011	8685.78	2743946	9.694098	67.4	4.562082
Ukraine	UKR	2019	12804.955	44211100	4.116614	74.5	4.5607
Armenia	ARM	2018	13231.431	2836563	1.7627003	75.1	4.5594
Palestine	PSE	2011	5782.6895	4087747	0.7339011	73.2	4.55501
Kenya	KEN	2016	4244.8574	47894668	4.933743	62.2	4.553
Palestine	PSE	2019	6245.4487	4909775	0.7128637	75.2	4.5528
Myanmar	MMR	2016	4109.5576	51892352	2.5803418	65.7	4.545
Kenya	KEN	2021	4743.4863	53005616	5.274913	61.4	4.543
Georgia	GEO	2018	14253.409	3772323	2.3592877	73.3	4.5191
Haiti	HTI	2014	3106.9849	10412741	9.411548	63	4.518
Palestine	PSE	2020	5402.5386	5019407	0.9562893	74.4	4.5167
Pakistan	PAK	2021	5232.1426	231402112	3.9787881	66.1	4.5158
Nepal	NPL	2014	3152.2932	27462110	2.0318909	68.1	4.514
Cameroon	CMR	2015	3614.7556	23012650	3.741421	59.7	4.513
Kenya	KEN	2018	4464.813	49953300	3.1409333	62.7	4.5086
Bangladesh	BGD	2017	4830.776	161793968	2.1935306	71.8	4.5004
Mauritania	MRT	2018	5367.2163	4270717	1.241011	65.3	4.4903
Palestine	PSE	2021	5643.0723	5133393	0.8766134	73.5	4.4825
Nepal	NPL	2011	2763.8289	27266398	2.4902444	67.3	4.474119
Armenia	ARM	2011	9551.158	2928984	2.4240553	73.3	4.473529
Sri Lanka	LKA	2017	13584.193	21506816	2.2597492	75.4	4.4706
Namibia	NAM	2021	9137.797	2530150	12.449852	59.3	4.4594
South Africa	ZAF	2015	13887.211	55876504	33.41834	63.9	4.459
Bangladesh	BGD	2018	5124.4985	163683952	2.339875	72.6	4.4558
Yemen	YEM	2011		25475608	5.3973193	67.4	4.453632
Sri Lanka	LKA	2016	12904.854	21425494	2.4736886	75.3	4.44
Uganda	UGA	2019	2250.015	42949076	10.985102	63	4.432
Myanmar	MMR	2020	4947.0938	53423200	2.94067	66.8	4.4258
Egypt	EGY	2017	10435.917	101789384	1.3360921	71.3	4.4192
Kenya	KEN	2014	4055.1133	45831860	5.029252	61.8	4.419
Sri Lanka	LKA	2015	12420.553	21336692	2.2824526	74.9	4.415
Kenya	KEN	2017	4312.9087	48948140	5.0379853	62.5	4.4097
India	IND	2015	5411.8755	1322866560	3.3543067	69.6	4.404
Eswatini	SWZ	2021	8856.829	1192273	12.664906	57.1	4.3961
Myanmar	MMR	2015	3748.2942	51483956	2.5289435	65.6	4.395
Jordan	JOR	2020	9203.376	10928723	0.98822176	75.2	4.3946
Myanmar	MMR	2021	4032.6257	53798088	28.437815	65.7	4.3942
Tunisia	TUN	2019	11100.82	12049319	4.738859	76	4.3922
Armenia	ARM	2016	11580.384	2865841	3.0357645	74.7	4.376
Cameroon	CMR	2011	3314.8982	20448880	4.0833545	57.1	4.375735
Mauritania	MRT	2019	5505.6465	4383853	1.0949284	65.7	4.3746
North Macedonia	MKD	2011	13809.965	2097110	1.4305472	75.2	4.369255
Sri Lanka	LKA	2018	13753.055	21580712	2.3817568	75.7	4.3659
Egypt	EGY	2015	9999.19	97723792	1.750853	70.5	4.362
Myanmar	MMR	2018	4556.2812	52666016	2.7569962	66.5	4.3604
Armenia	ARM	2015	11506.039	2878598	2.6054382	74.4	4.36
Kenya	KEN	2015	4163.925	46851496	4.825887	61.9	4.356
Armenia	ARM	2014	11105.532	2889937	2.4914103	74.1	4.35
Georgia	GEO	2017	13589.707	3771904	2.4125772	73.6	4.3405
Ukraine	UKR	2018	12336.927	44446952	4.5042458	74.4	4.3322
Sri Lanka	LKA	2019	13639.021	21649664	3.427305	76	4.327
Armenia	ARM	2017	12509.64	2851929	2.4544842	74.9	4.3206
India	IND	2016	5789.678	1338636288	3.1614263	70.1	4.315
Uganda	UGA	2011	1996.0656	33295738	11.271713	58	4.313321
Myanmar	MMR	2019	4829.5366	53040212	2.863865	66.6	4.308
Myanmar	MMR	2017	4312.9473	52288344	2.6621614	65.8	4.3078
Myanmar	MMR	2014	3658.5935	51072436	2.408344	65.1	4.307
Georgia	GEO	2016	12963.744	3771112	1.0341783	73.6	4.286
Ghana	GHA	2015	4616.6196	28870946	1.8184376	63.2	4.276
Sri Lanka	LKA	2014	12029.375	21239448	2.6036446	74.7	4.271
Sri Lanka	LKA	2011	10190.35	20859746	3.5091517	73.4	4.25961
Afghanistan	AFG	2011	1961.0963	29249156	4.208668	61.4	4.25835
Mauritania	MRT	2020	5314.8496	4498605	1.0225395	64.5	4.2274
Bulgaria	BGR	2014	19206.262	7372142	1.5192329	74.5	4.218
Bulgaria	BGR	2015	19991.818	7309255	1.7238423	74.6	4.217
Egypt	EGY	2014	9793.955	95592328	3.0232553	70.4	4.194
India	IND	2017	6112.0664	1354195712	3.0288827	70.5	4.1898
Uganda	UGA	2018	2186.9072	41515400	10.832127	62.7	4.1894
Kenya	KEN	2011	3824.1975	42635148	5.3265915	61	4.180273
Angola	AGO	2011	7664.44	24259120	4.3488812	57.6	4.17838
Uganda	UGA	2017	2128.397	40127096	11.80001	62.1	4.1608
Jordan	JOR	2021	9223.147	11148288	1.0225796	74.3	4.1521
Niger	NER	2011	1010.32697	17283118	4.8081617	59	4.121817
Ghana	GHA	2016	4662.011	29554298	1.8575976	63.9	4.12
Ukraine	UKR	2017	11860.561	44657260	6.160253	74.7	4.1029
Cambodia	KHM	2011	2856.5308	14573894	1.8389057	68.4	4.100715
Uganda	UGA	2016	2137.2073	38748308	11.566959	61.6	4.081
Liberia	LBR	2011	1475.8392	4181148	3.8506157	59.6	4.039651
Haiti	HTI	2015	3141.0469	10563762	10.138438	63.2	4.028
India	IND	2018	6436.1533	1369003264	2.993784	70.7	4.0152
Uganda	UGA	2014	2067.7954	36336544	12.309923	60.4	3.931
Bulgaria	BGR	2011	18664.834	7543128	1.6969084	74.2	3.889474
Angola	AGO	2015	7967.104	28127724	4.4582353	60.7	3.866
Sierra Leone	SLE	2020	1586.196	8233973	2.1374865	59.8	3.8494
India	IND	2020	6114.0317	1396387072	2.9111555	70.1	3.8189
Tanzania	TZA	2011	2064.7107	46416032	8.938722	61	3.800163
Angola	AGO	2016	7488.1387	29154742	4.102248	61.1	3.795
Afghanistan	AFG	2016	2101.422	34636212	6.6924186	63.1	3.794
Haiti	HTI	2011	3047.2747	9954318	9.181951	61.6	3.788652
India	IND	2021	6592.042	1407563904	2.9362788	67.2	3.7771
Tanzania	TZA	2015	2306.6382	52542824	7.1294227	64.7	3.666
Zimbabwe	ZWE	2018	2399.6216	15052191	4.876369	61.4	3.6632
Afghanistan	AFG	2017	2096.093	35643420	6.8006945	63	3.6315
Tanzania	TZA	2020	2551.2063	61704520	3.704753	66.4	3.6232
Haiti	HTI	2020	2959.0894	11306804	11.32062	64.1	3.6149
Haiti	HTI	2016	3153.1763	10713845	9.595058	63.4	3.603
Haiti	HTI	2018	3197.1414	11012427	6.746927	64	3.5969
Sierra Leone	SLE	2011	1450.4935	6612390	2.8280268	54.6	3.585802
India	IND	2019	6608.624	1383112064	2.926661	70.9	3.5733
Rwanda	RWA	2015	1844.7169	11642963	2.5165424	65.3	3.515
Tanzania	TZA	2019	2577.6658	59872584	4.541311	67	3.4762
Botswana	BWA	2021	14840.913	2588424	10.546963	61.1	3.4711
Rwanda	RWA	2016	1907.6816	11930902	3.2855864	65.7	3.471
Botswana	BWA	2020	13545.674	2546404	8.678912	65.6	3.4665
Rwanda	RWA	2014	1735.5454	11368450	3.7648048	64.9	3.465
Rwanda	RWA	2020	2067.6416	13146367	3.590347	66.8	3.4147
Rwanda	RWA	2017	1934.9729	12230343	3.8429024	65.9	3.4081
Afghanistan	AFG	2015	2108.714	33753500	9.975262	62.7	3.36
Tanzania	TZA	2016	2380.9314	54401804	6.3214817	65.4	3.349
Rwanda	RWA	2018	2050.441	12531810	2.274213	66.3	3.3338
Rwanda	RWA	2019	2191.4016	12835029	3.1476364	66.4	3.3123
Tanzania	TZA	2017	2458.3428	56267040	5.592973	66	3.3035
Zimbabwe	ZWE	2019	2203.3967	15354606	5.1450353	61.3	3.2992
Tanzania	TZA	2018	2510.9663	58090444	4.706454	66.5	3.2307
Afghanistan	AFG	2018	2060.699	36686788	6.7435727	63.1	3.2033
Zimbabwe	ZWE	2020	1990.3195	15669663	4.9777703	61.1	3.1448
Zimbabwe	ZWE	2021	2115.1445	15993525	6.139985	59.3	2.9951
Burundi	BDI	2016	764.3366	10903329	5.82391	60.8	2.905
Burundi	BDI	2015	781.5793	10727153	4.2975073	60.2	2.905
Burundi	BDI	2014	831.29486	10494920	5.3740325	59.9	2.905
Afghanistan	AFG	2019	2079.9219	37769496	7.180397	63.6	2.5669
Afghanistan	AFG	2020	1968.341	38972236	6.594439	62.6	2.5229
Afghanistan	AFG	2021	1516.3057	40099460	4.0224977	62	2.4038
